translation,translation,translation
position,speed,acceleration
24.9,2.0,2.0
168.29999999999998,2.0,2.0
36.849999999999994,2.0,2.0
204.14999999999998,2.0,2.0
180.25,2.0,2.0
60.75,2.0,2.0
216.1,2.0,2.0
228.04999999999998,2.0,2.0
120.5,2.0,2.0
156.35,2.0,2.0
84.64999999999999,2.0,2.0
12.95,2.0,2.0
96.6,2.0,2.0
132.45,2.0,2.0
240.0,2.0,2.0
72.69999999999999,2.0,2.0
1.0,2.0,2.0
144.39999999999998,2.0,2.0
108.55,2.0,2.0
192.2,2.0,2.0
48.8,2.0,2.0
